{
  "dataset_n": 50,
  "correlations": {
    "n": 50,
    "metrics": {
      "bleu": {
        "spearman_rho": 0.4056952695611899,
        "pearson_r": 0.3211682485745666
      },
      "rouge_l": {
        "spearman_rho": 0.477366854098184,
        "pearson_r": 0.37705867196646414
      },
      "semantic_similarity": {
        "spearman_rho": 0.4850228868615522,
        "pearson_r": 0.37270498716910566
      },
      "overall_score": {
        "spearman_rho": 0.506780306767143,
        "pearson_r": 0.3991229952701555
      }
    }
  },
  "governance_overhead": {
    "budget_guard": {
      "median_ms": 0.00016693957149982452,
      "p95_ms": 0.00020815059542655945,
      "iterations": 10000.0
    },
    "permission_guard": {
      "median_ms": 8.405186235904694e-05,
      "p95_ms": 0.000125030055642128,
      "iterations": 10000.0
    },
    "audit_trail_logging": {
      "median_ms": 0.0006249174475669861,
      "p95_ms": 0.0007920898497104645,
      "iterations": 10000.0
    },
    "full_governance": {
      "median_ms": 0.022124964743852615,
      "p95_ms": 0.03158394247293472,
      "iterations": 10000.0
    }
  }
}
