{
  "dataset_n": 50,
  "correlations": {
    "n": 50,
    "metrics": {
      "bleu": {
        "spearman_rho": 0.4056952695611899,
        "pearson_r": 0.3211682485745666
      },
      "rouge_l": {
        "spearman_rho": 0.477366854098184,
        "pearson_r": 0.37705867196646414
      },
      "embedding_similarity": {
        "spearman_rho": 0.5998385186207043,
        "pearson_r": 0.5681026915001772
      },
      "overall_score": {
        "spearman_rho": 0.5615416942154162,
        "pearson_r": 0.5084231763242109
      }
    }
  },
  "governance_overhead": {
    "budget_guard": {
      "median_ms": 0.00016693957149982452,
      "p95_ms": 0.00020908191800117493,
      "iterations": 10000.0
    },
    "permission_guard": {
      "median_ms": 8.405186235904694e-05,
      "p95_ms": 0.000125030055642128,
      "iterations": 10000.0
    },
    "audit_trail_logging": {
      "median_ms": 0.000791158527135849,
      "p95_ms": 0.0008749775588512421,
      "iterations": 10000.0
    },
    "full_governance": {
      "median_ms": 0.022166874259710312,
      "p95_ms": 0.025290995836257935,
      "iterations": 10000.0
    }
  }
}
